Age;Fare;PassengerId;Pclass;Sex;Survived;Embarked_C;Embarked_Q;Embarked_S;pca_sibsp_parch
22;7;1;3;0;0;0;0;1;0.2226269457088483
38;71;2;1;1;1;1;0;0;0.22262694570885094
26;7;3;3;1;1;0;0;1;-0.6277626505388526
35;53;4;1;1;1;0;0;1;0.22262694570885086
35;8;5;3;0;0;0;0;1;-0.6277626505388526
30;8;6;3;0;0;0;1;0;-0.6277626505388526
54;51;7;1;0;0;0;0;1;-0.6277626505388526
2;21;8;3;0;0;0;0;1;2.4495596657926115
27;11;9;3;1;1;0;0;1;0.424544404637854
14;30;10;2;1;1;1;0;0;0.22262694570885086
4;16;11;3;1;1;0;0;1;0.7487804732972041
58;26;12;1;1;1;0;0;1;-0.6277626505388526
20;8;13;3;0;0;0;0;1;-0.6277626505388526
39;31;14;3;0;0;0;0;1;2.853394583650618
14;7;15;3;1;0;0;0;1;-0.6277626505388526
55;16;16;2;1;1;0;0;1;-0.6277626505388526
2;29;17;3;0;0;0;1;0;3.2999492620403146
30;13;18;2;0;1;0;0;1;-0.6277626505388526
31;18;19;3;1;0;0;0;1;0.22262694570885086
30;7;20;3;1;1;1;0;0;-0.6277626505388526
35;26;21;2;0;0;0;0;1;-0.6277626505388526
34;13;22;2;0;1;0;0;1;-0.6277626505388526
15;8;23;3;1;1;0;1;0;-0.6277626505388526
28;35;24;1;0;1;0;0;1;-0.6277626505388526
8;21;25;3;1;0;0;0;1;2.4495596657926115
38;31;26;3;1;1;0;0;1;2.853394583650618
30;7;27;3;0;0;1;0;0;-0.6277626505388526
19;263;28;1;0;0;0;0;1;2.975713193380964
30;7;29;3;1;1;0;1;0;-0.6277626505388526
30;7;30;3;0;0;0;0;1;-0.6277626505388526
40;27;31;1;0;0;1;0;0;-0.6277626505388526
30;146;32;1;1;1;1;0;0;0.22262694570885086
30;7;33;3;1;1;0;1;0;-0.6277626505388526
66;10;34;2;0;0;0;0;1;-0.6277626505388526
28;82;35;1;0;0;1;0;0;0.22262694570885086
42;52;36;1;0;0;0;0;1;0.22262694570885086
30;7;37;3;0;1;1;0;0;-0.6277626505388526
21;8;38;3;0;0;0;0;1;-0.6277626505388526
18;18;39;3;1;0;0;0;1;1.0730165419565543
14;11;40;3;1;1;1;0;0;0.22262694570885086
40;9;41;3;1;0;0;0;1;0.22262694570885086
27;21;42;2;1;0;0;0;1;0.22262694570885086
30;7;43;3;0;0;1;0;0;-0.6277626505388526
3;41;44;2;1;1;1;0;0;1.2749340008855574
19;7;45;3;1;1;0;1;0;-0.6277626505388526
30;8;46;3;0;0;0;0;1;-0.6277626505388526
30;15;47;3;0;0;0;1;0;0.22262694570885086
30;7;48;3;1;1;0;1;0;-0.6277626505388526
30;21;49;3;0;0;1;0;0;1.0730165419565543
18;17;50;3;1;0;0;0;1;0.22262694570885086
7;39;51;3;0;0;0;0;1;3.2999492620403146
21;7;52;3;0;0;0;0;1;-0.6277626505388526
49;76;53;1;1;1;1;0;0;0.22262694570885086
29;26;54;2;1;1;0;0;1;0.22262694570885086
65;61;55;1;0;0;1;0;0;-0.10160912295049938
30;35;56;1;0;1;0;0;1;-0.6277626505388526
21;10;57;2;1;1;0;0;1;-0.6277626505388526
28;7;58;3;0;0;1;0;0;-0.6277626505388526
5;27;59;2;1;1;0;0;1;1.2749340008855574
11;46;60;3;0;0;0;0;1;4.676492385876371
22;7;61;3;0;0;1;0;0;-0.6277626505388526
45;83;63;1;0;0;0;0;1;0.22262694570885086
4;27;64;3;0;0;0;0;1;2.975713193380964
30;27;65;1;0;0;1;0;0;-0.6277626505388526
30;15;66;3;0;1;1;0;0;0.7487804732972041
29;10;67;2;1;1;0;0;1;-0.6277626505388526
19;8;68;3;0;0;0;0;1;-0.6277626505388526
17;7;69;3;1;1;0;0;1;3.8261027896286683
26;8;70;3;0;0;0;0;1;1.0730165419565543
32;10;71;2;0;0;0;0;1;-0.6277626505388526
16;46;72;3;1;0;0;0;1;4.676492385876371
21;73;73;2;0;0;0;0;1;-0.6277626505388526
26;14;74;3;0;0;1;0;0;0.22262694570885086
32;56;75;3;0;1;0;0;1;-0.6277626505388526
25;7;76;3;0;0;0;0;1;-0.6277626505388526
30;7;77;3;0;0;0;0;1;-0.6277626505388526
30;8;78;3;0;0;0;0;1;-0.6277626505388526
0;29;79;2;0;1;0;0;1;0.424544404637854
30;12;80;3;1;1;0;0;1;-0.6277626505388526
22;9;81;3;0;0;0;0;1;-0.6277626505388526
29;9;82;3;0;1;0;0;1;-0.6277626505388526
30;7;83;3;1;1;0;1;0;-0.6277626505388526
28;47;84;1;0;0;0;0;1;-0.6277626505388526
17;10;85;2;1;1;0;0;1;-0.6277626505388526
33;15;86;3;1;1;0;0;1;1.9234061382042578
16;34;87;3;0;0;0;0;1;1.8010875284739107
30;8;88;3;0;0;0;0;1;-0.6277626505388526
23;263;89;1;1;1;0;0;1;2.975713193380964
24;8;90;3;0;0;0;0;1;-0.6277626505388526
29;8;91;3;0;0;0;0;1;-0.6277626505388526
20;7;92;3;0;0;0;0;1;-0.6277626505388526
46;61;93;1;0;0;0;0;1;0.22262694570885086
26;20;94;3;0;0;0;0;1;1.2749340008855574
59;7;95;3;0;0;0;0;1;-0.6277626505388526
30;8;96;3;0;0;0;0;1;-0.6277626505388526
71;34;97;1;0;0;1;0;0;-0.6277626505388526
23;63;98;1;0;1;1;0;0;-0.10160912295049938
34;23;99;2;1;1;0;0;1;-0.10160912295049938
34;26;100;2;0;0;0;0;1;0.22262694570885086
28;7;101;3;1;0;0;0;1;-0.6277626505388526
30;7;102;3;0;0;0;0;1;-0.6277626505388526
21;77;103;1;0;0;0;0;1;-0.10160912295049938
33;8;104;3;0;0;0;0;1;-0.6277626505388526
37;7;105;3;0;0;0;0;1;1.0730165419565543
28;7;106;3;0;0;0;0;1;-0.6277626505388526
21;7;107;3;1;1;0;0;1;-0.6277626505388526
30;7;108;3;0;1;0;0;1;-0.6277626505388526
38;7;109;3;0;0;0;0;1;-0.6277626505388526
30;24;110;3;1;1;0;1;0;0.22262694570885086
47;52;111;1;0;0;0;0;1;-0.6277626505388526
14;14;112;3;1;0;1;0;0;0.22262694570885086
22;8;113;3;0;0;0;0;1;-0.6277626505388526
20;9;114;3;1;0;0;0;1;0.22262694570885086
17;14;115;3;1;0;1;0;0;-0.6277626505388526
21;7;116;3;0;0;0;0;1;-0.6277626505388526
70;7;117;3;0;0;0;1;0;-0.6277626505388526
29;21;118;2;0;0;0;0;1;0.22262694570885086
24;247;119;1;0;0;1;0;0;-0.10160912295049938
2;31;120;3;1;0;0;0;1;3.8261027896286683
21;73;121;2;0;0;0;0;1;1.0730165419565543
30;8;122;3;0;0;0;0;1;-0.6277626505388526
32;30;123;2;0;0;1;0;0;0.22262694570885086
32;13;124;2;1;1;0;0;1;-0.6277626505388526
54;77;125;1;0;0;0;0;1;-0.10160912295049938
12;11;126;3;0;1;1;0;0;0.22262694570885086
30;7;127;3;0;0;0;1;0;-0.6277626505388526
24;7;128;3;0;1;0;0;1;-0.6277626505388526
30;22;129;3;1;1;1;0;0;0.7487804732972041
45;6;130;3;0;0;0;0;1;-0.6277626505388526
33;7;131;3;0;0;1;0;0;-0.6277626505388526
20;7;132;3;0;0;0;0;1;-0.6277626505388526
47;14;133;3;1;0;0;0;1;0.22262694570885086
29;26;134;2;1;1;0;0;1;0.22262694570885086
25;13;135;2;0;0;0;0;1;-0.6277626505388526
23;15;136;2;0;0;1;0;0;-0.6277626505388526
19;26;137;1;1;1;0;0;1;0.424544404637854
37;53;138;1;0;0;0;0;1;0.22262694570885086
16;9;139;3;0;0;0;0;1;-0.6277626505388526
24;79;140;1;0;0;1;0;0;-0.6277626505388526
30;15;141;3;1;0;1;0;0;0.424544404637854
22;7;142;3;1;1;0;0;1;-0.6277626505388526
24;15;143;3;1;1;0;0;1;0.22262694570885086
19;6;144;3;0;0;0;1;0;-0.6277626505388526
18;11;145;2;0;0;0;0;1;-0.6277626505388526
19;36;146;2;0;0;0;0;1;0.7487804732972041
27;7;147;3;0;1;0;0;1;-0.6277626505388526
9;34;148;3;1;0;0;0;1;2.1253235971332614
36;26;149;2;0;0;0;0;1;0.424544404637854
42;13;150;2;0;0;0;0;1;-0.6277626505388526
51;12;151;2;0;0;0;0;1;-0.6277626505388526
22;66;152;1;1;1;0;0;1;0.22262694570885086
55;8;153;3;0;0;0;0;1;-0.6277626505388526
40;14;154;3;0;0;0;0;1;0.424544404637854
30;7;155;3;0;0;0;0;1;-0.6277626505388526
51;61;156;1;0;0;1;0;0;-0.10160912295049938
16;7;157;3;1;1;0;1;0;-0.6277626505388526
30;8;158;3;0;0;0;0;1;-0.6277626505388526
30;8;159;3;0;0;0;0;1;-0.6277626505388526
30;69;160;3;0;0;0;0;1;7.227661174619481
44;16;161;3;0;0;0;0;1;-0.10160912295049938
40;15;162;2;1;1;0;0;1;-0.6277626505388526
26;7;163;3;0;0;0;0;1;-0.6277626505388526
17;8;164;3;0;0;0;0;1;-0.6277626505388526
1;39;165;3;0;0;0;0;1;3.2999492620403146
9;20;166;3;0;1;0;0;1;0.424544404637854
30;55;167;1;1;1;0;0;1;-0.10160912295049938
45;27;168;3;1;0;0;0;1;2.3272410560622645
30;25;169;1;0;0;0;0;1;-0.6277626505388526
28;56;170;3;0;0;0;0;1;-0.6277626505388526
61;33;171;1;0;0;0;0;1;-0.6277626505388526
4;29;172;3;0;0;0;1;0;3.2999492620403146
1;11;173;3;1;1;0;0;1;0.7487804732972041
21;7;174;3;0;0;0;0;1;-0.6277626505388526
56;30;175;1;0;0;1;0;0;-0.6277626505388526
18;7;176;3;0;0;0;0;1;0.7487804732972041
30;25;177;3;0;0;0;0;1;2.4495596657926115
50;28;178;1;1;0;1;0;0;-0.6277626505388526
30;13;179;2;0;0;0;0;1;-0.6277626505388526
36;0;180;3;0;0;0;0;1;-0.6277626505388526
30;69;181;3;1;0;0;0;1;7.227661174619481
30;15;182;2;0;0;1;0;0;-0.6277626505388526
9;31;183;3;0;0;0;0;1;3.8261027896286683
1;39;184;2;0;1;0;0;1;1.5991700695449076
4;22;185;3;1;1;0;0;1;0.424544404637854
30;50;186;1;0;0;0;0;1;-0.6277626505388526
30;15;187;3;1;1;0;1;0;0.22262694570885086
45;26;188;1;0;1;0;0;1;-0.6277626505388526
40;15;189;3;0;0;0;1;0;0.7487804732972041
36;7;190;3;0;0;0;0;1;-0.6277626505388526
32;13;191;2;1;1;0;0;1;-0.6277626505388526
19;13;192;2;0;0;0;0;1;-0.6277626505388526
19;7;193;3;1;1;0;0;1;0.22262694570885086
3;26;194;2;0;1;0;0;1;0.7487804732972041
44;27;195;1;1;1;1;0;0;-0.6277626505388526
58;146;196;1;1;1;1;0;0;-0.6277626505388526
30;7;197;3;0;0;0;1;0;-0.6277626505388526
42;8;198;3;0;0;0;0;1;-0.10160912295049938
30;7;199;3;1;1;0;1;0;-0.6277626505388526
24;13;200;2;1;0;0;0;1;-0.6277626505388526
28;9;201;3;0;0;0;0;1;-0.6277626505388526
30;69;202;3;0;0;0;0;1;7.227661174619481
34;6;203;3;0;0;0;0;1;-0.6277626505388526
45;7;204;3;0;0;1;0;0;-0.6277626505388526
18;8;205;3;0;1;0;0;1;-0.6277626505388526
2;10;206;3;1;0;0;0;1;-0.10160912295049938
32;15;207;3;0;0;0;0;1;0.22262694570885086
26;18;208;3;0;1;1;0;0;-0.6277626505388526
16;7;209;3;1;1;0;1;0;-0.6277626505388526
40;31;210;1;0;1;1;0;0;-0.6277626505388526
24;7;211;3;0;0;0;0;1;-0.6277626505388526
35;21;212;2;1;1;0;0;1;-0.6277626505388526
22;7;213;3;0;0;0;0;1;-0.6277626505388526
30;13;214;2;0;0;0;0;1;-0.6277626505388526
30;7;215;3;0;0;0;1;0;0.22262694570885086
31;113;216;1;1;1;1;0;0;0.22262694570885086
27;7;217;3;1;1;0;0;1;-0.6277626505388526
42;27;218;2;0;0;0;0;1;0.22262694570885086
32;76;219;1;1;1;1;0;0;-0.6277626505388526
30;10;220;2;0;0;0;0;1;-0.6277626505388526
16;8;221;3;0;1;0;0;1;-0.6277626505388526
27;13;222;2;0;0;0;0;1;-0.6277626505388526
51;8;223;3;0;0;0;0;1;-0.6277626505388526
30;7;224;3;0;0;0;0;1;-0.6277626505388526
38;90;225;1;0;1;0;0;1;0.22262694570885086
22;9;226;3;0;0;0;0;1;-0.6277626505388526
19;10;227;2;0;1;0;0;1;-0.6277626505388526
20;7;228;3;0;0;0;0;1;-0.6277626505388526
18;13;229;2;0;0;0;0;1;-0.6277626505388526
30;25;230;3;1;0;0;0;1;2.4495596657926115
35;83;231;1;1;1;0;0;1;0.22262694570885086
29;7;232;3;0;0;0;0;1;-0.6277626505388526
59;13;233;2;0;0;0;0;1;-0.6277626505388526
5;31;234;3;1;1;0;0;1;3.8261027896286683
24;10;235;2;0;0;0;0;1;-0.6277626505388526
30;7;236;3;1;0;0;0;1;-0.6277626505388526
44;26;237;2;0;0;0;0;1;0.22262694570885086
8;26;238;2;1;1;0;0;1;0.424544404637854
19;10;239;2;0;0;0;0;1;-0.6277626505388526
33;12;240;2;0;0;0;0;1;-0.6277626505388526
30;14;241;3;1;0;1;0;0;0.22262694570885086
30;15;242;3;1;1;0;1;0;0.22262694570885086
29;10;243;2;0;0;0;0;1;-0.6277626505388526
22;7;244;3;0;0;0;0;1;-0.6277626505388526
30;7;245;3;0;0;1;0;0;-0.6277626505388526
44;90;246;1;0;0;0;1;0;1.0730165419565543
25;7;247;3;1;0;0;0;1;-0.6277626505388526
24;14;248;2;1;1;0;0;1;0.424544404637854
37;52;249;1;0;1;0;0;1;0.7487804732972041
54;26;250;2;0;0;0;0;1;0.22262694570885086
30;7;251;3;0;0;0;0;1;-0.6277626505388526
29;10;252;3;1;0;0;0;1;0.7487804732972041
62;26;253;1;0;0;0;0;1;-0.6277626505388526
30;16;254;3;0;0;0;0;1;0.22262694570885086
41;20;255;3;1;0;0;0;1;0.424544404637854
29;15;256;3;1;1;1;0;0;0.424544404637854
30;79;257;1;1;1;1;0;0;-0.6277626505388526
30;86;258;1;1;1;0;0;1;-0.6277626505388526
35;512;259;1;1;1;1;0;0;-0.6277626505388526
50;26;260;2;1;1;0;0;1;-0.10160912295049938
30;7;261;3;0;0;0;1;0;-0.6277626505388526
3;31;262;3;0;1;0;0;1;3.8261027896286683
52;79;263;1;0;0;0;0;1;0.7487804732972041
40;0;264;1;0;0;0;0;1;-0.6277626505388526
30;7;265;3;1;0;0;1;0;-0.6277626505388526
36;10;266;2;0;0;0;0;1;-0.6277626505388526
16;39;267;3;0;0;0;0;1;3.2999492620403146
25;7;268;3;0;1;0;0;1;0.22262694570885086
58;153;269;1;1;1;0;0;1;-0.10160912295049938
35;135;270;1;1;1;0;0;1;-0.6277626505388526
30;31;271;1;0;0;0;0;1;-0.6277626505388526
25;0;272;3;0;1;0;0;1;-0.6277626505388526
41;19;273;2;1;1;0;0;1;-0.10160912295049938
37;29;274;1;0;0;1;0;0;-0.10160912295049938
30;7;275;3;1;1;0;1;0;-0.6277626505388526
63;77;276;1;1;1;0;0;1;0.22262694570885086
45;7;277;3;1;0;0;0;1;-0.6277626505388526
30;0;278;2;0;0;0;0;1;-0.6277626505388526
7;29;279;3;0;0;0;1;0;3.2999492620403146
35;20;280;3;1;1;0;0;1;0.7487804732972041
65;7;281;3;0;0;0;1;0;-0.6277626505388526
28;7;282;3;0;0;0;0;1;-0.6277626505388526
16;9;283;3;0;0;0;0;1;-0.6277626505388526
19;8;284;3;0;1;0;0;1;-0.6277626505388526
30;26;285;1;0;0;0;0;1;-0.6277626505388526
33;8;286;3;0;0;1;0;0;-0.6277626505388526
30;9;287;3;0;1;0;0;1;-0.6277626505388526
22;7;288;3;0;0;0;0;1;-0.6277626505388526
42;13;289;2;0;1;0;0;1;-0.6277626505388526
22;7;290;3;1;1;0;1;0;-0.6277626505388526
26;78;291;1;1;1;0;0;1;-0.6277626505388526
19;91;292;1;1;1;1;0;0;0.22262694570885086
36;12;293;2;0;0;1;0;0;-0.6277626505388526
24;8;294;3;1;0;0;0;1;-0.6277626505388526
24;7;295;3;0;0;0;0;1;-0.6277626505388526
30;27;296;1;0;0;1;0;0;-0.6277626505388526
23;7;297;3;0;0;1;0;0;-0.6277626505388526
2;151;298;1;1;0;0;0;1;1.2749340008855574
30;30;299;1;0;1;0;0;1;-0.6277626505388526
50;247;300;1;1;1;1;0;0;-0.10160912295049938
30;7;301;3;1;1;0;1;0;-0.6277626505388526
30;23;302;3;0;1;0;1;0;1.0730165419565543
19;0;303;3;0;0;0;0;1;-0.6277626505388526
30;12;304;2;1;1;0;1;0;-0.6277626505388526
30;8;305;3;0;0;0;0;1;-0.6277626505388526
0;151;306;1;0;1;0;0;1;1.2749340008855574
30;110;307;1;1;1;1;0;0;-0.6277626505388526
17;108;308;1;1;1;1;0;0;0.22262694570885086
30;24;309;2;0;0;1;0;0;0.22262694570885086
30;56;310;1;1;1;1;0;0;-0.6277626505388526
24;83;311;1;1;1;1;0;0;-0.6277626505388526
18;262;312;1;1;1;1;0;0;2.1253235971332614
26;26;313;2;1;0;0;0;1;0.7487804732972041
28;7;314;3;0;0;0;0;1;-0.6277626505388526
43;26;315;2;0;0;0;0;1;0.7487804732972041
26;7;316;3;1;1;0;0;1;-0.6277626505388526
24;26;317;2;1;1;0;0;1;0.22262694570885086
54;14;318;2;0;0;0;0;1;-0.6277626505388526
31;164;319;1;1;1;0;0;1;0.424544404637854
40;134;320;1;1;1;1;0;0;0.7487804732972041
22;7;321;3;0;0;0;0;1;-0.6277626505388526
27;7;322;3;0;0;0;0;1;-0.6277626505388526
30;12;323;2;1;1;0;1;0;-0.6277626505388526
22;29;324;2;1;1;0;0;1;0.7487804732972041
30;69;325;3;0;0;0;0;1;7.227661174619481
36;135;326;1;1;1;1;0;0;-0.6277626505388526
61;6;327;3;0;0;0;0;1;-0.6277626505388526
36;13;328;2;1;1;0;0;1;-0.6277626505388526
31;20;329;3;1;1;0;0;1;0.7487804732972041
16;57;330;1;1;1;1;0;0;-0.10160912295049938
30;23;331;3;1;1;0;1;0;1.0730165419565543
45;28;332;1;0;0;0;0;1;-0.6277626505388526
38;153;333;1;0;0;0;0;1;-0.10160912295049938
16;18;334;3;0;0;0;0;1;1.0730165419565543
30;133;335;1;1;1;0;0;1;0.22262694570885086
30;7;336;3;0;0;0;0;1;-0.6277626505388526
29;66;337;1;0;0;0;0;1;0.22262694570885086
41;134;338;1;1;1;1;0;0;-0.6277626505388526
45;8;339;3;0;1;0;0;1;-0.6277626505388526
45;35;340;1;0;0;0;0;1;-0.6277626505388526
2;26;341;2;0;1;0;0;1;0.7487804732972041
24;263;342;1;1;1;0;0;1;2.975713193380964
28;13;343;2;0;0;0;0;1;-0.6277626505388526
25;13;344;2;0;0;0;0;1;-0.6277626505388526
36;13;345;2;0;0;0;0;1;-0.6277626505388526
24;13;346;2;1;1;0;0;1;-0.6277626505388526
40;13;347;2;1;1;0;0;1;-0.6277626505388526
30;16;348;3;1;1;0;0;1;0.22262694570885086
3;15;349;3;0;1;0;0;1;0.7487804732972041
42;8;350;3;0;0;0;0;1;-0.6277626505388526
23;9;351;3;0;0;0;0;1;-0.6277626505388526
30;35;352;1;0;0;0;0;1;-0.6277626505388526
15;7;353;3;0;0;1;0;0;0.7487804732972041
25;17;354;3;0;0;0;0;1;0.22262694570885086
30;7;355;3;0;0;1;0;0;-0.6277626505388526
28;9;356;3;0;0;0;0;1;-0.6277626505388526
22;55;357;1;1;1;0;0;1;-0.10160912295049938
38;13;358;2;1;0;0;0;1;-0.6277626505388526
30;7;359;3;1;1;0;1;0;-0.6277626505388526
30;7;360;3;1;1;0;1;0;-0.6277626505388526
40;27;361;3;0;0;0;0;1;2.3272410560622645
29;27;362;2;0;0;1;0;0;0.22262694570885086
45;14;363;3;1;0;1;0;0;-0.10160912295049938
35;7;364;3;0;0;0;0;1;-0.6277626505388526
30;15;365;3;0;0;0;1;0;0.22262694570885086
30;7;366;3;0;0;0;0;1;-0.6277626505388526
60;75;367;1;1;1;1;0;0;0.22262694570885086
30;7;368;3;1;1;1;0;0;-0.6277626505388526
30;7;369;3;1;1;0;1;0;-0.6277626505388526
24;69;370;1;1;1;1;0;0;-0.6277626505388526
25;55;371;1;0;1;1;0;0;0.22262694570885086
18;6;372;3;0;0;0;0;1;0.22262694570885086
19;8;373;3;0;0;0;0;1;-0.6277626505388526
22;135;374;1;0;0;1;0;0;-0.6277626505388526
3;21;375;3;1;0;0;0;1;2.4495596657926115
30;82;376;1;1;1;1;0;0;0.22262694570885086
22;7;377;3;1;1;0;0;1;-0.6277626505388526
27;211;378;1;0;0;1;0;0;0.424544404637854
20;4;379;3;0;0;1;0;0;-0.6277626505388526
19;7;380;3;0;0;0;0;1;-0.6277626505388526
42;227;381;1;1;1;1;0;0;-0.6277626505388526
1;15;382;3;1;1;1;0;0;0.424544404637854
32;7;383;3;0;0;0;0;1;-0.6277626505388526
35;52;384;1;1;1;0;0;1;0.22262694570885086
30;7;385;3;0;0;0;0;1;-0.6277626505388526
18;73;386;2;0;0;0;0;1;-0.6277626505388526
1;46;387;3;0;0;0;0;1;4.676492385876371
36;13;388;2;1;1;0;0;1;-0.6277626505388526
30;7;389;3;0;0;0;1;0;-0.6277626505388526
17;12;390;2;1;1;1;0;0;-0.6277626505388526
36;120;391;1;0;1;0;0;1;1.2749340008855574
21;7;392;3;0;1;0;0;1;-0.6277626505388526
28;7;393;3;0;0;0;0;1;1.0730165419565543
23;113;394;1;1;1;1;0;0;0.22262694570885086
24;16;395;3;1;1;0;0;1;0.424544404637854
22;7;396;3;0;0;0;0;1;-0.6277626505388526
31;7;397;3;1;0;0;0;1;-0.6277626505388526
46;26;398;2;0;0;0;0;1;-0.6277626505388526
23;10;399;2;0;0;0;0;1;-0.6277626505388526
28;12;400;2;1;1;0;0;1;-0.6277626505388526
39;7;401;3;0;1;0;0;1;-0.6277626505388526
26;8;402;3;0;0;0;0;1;-0.6277626505388526
21;9;403;3;1;0;0;0;1;0.22262694570885086
28;15;404;3;0;0;0;0;1;0.22262694570885086
20;8;405;3;1;0;0;0;1;-0.6277626505388526
34;21;406;2;0;0;0;0;1;0.22262694570885086
51;7;407;3;0;0;0;0;1;-0.6277626505388526
3;18;408;2;0;1;0;0;1;0.7487804732972041
21;7;409;3;0;0;0;0;1;-0.6277626505388526
30;25;410;3;1;0;0;0;1;2.4495596657926115
30;7;411;3;0;0;0;0;1;-0.6277626505388526
30;6;412;3;0;0;0;1;0;-0.6277626505388526
33;90;413;1;1;1;0;1;0;0.22262694570885086
30;0;414;2;0;0;0;0;1;-0.6277626505388526
44;7;415;3;0;1;0;0;1;-0.6277626505388526
30;8;416;3;1;0;0;0;1;-0.6277626505388526
34;32;417;2;1;1;0;0;1;0.7487804732972041
18;13;418;2;1;1;0;0;1;0.424544404637854
30;13;419;2;0;0;0;0;1;-0.6277626505388526
10;24;420;3;1;0;0;0;1;0.424544404637854
30;7;421;3;0;0;1;0;0;-0.6277626505388526
21;7;422;3;0;0;0;1;0;-0.6277626505388526
29;7;423;3;0;0;0;0;1;-0.6277626505388526
28;14;424;3;1;0;0;0;1;0.7487804732972041
18;20;425;3;0;0;0;0;1;0.7487804732972041
30;7;426;3;0;0;0;0;1;-0.6277626505388526
28;26;427;2;1;1;0;0;1;0.22262694570885086
19;26;428;2;1;1;0;0;1;-0.6277626505388526
30;7;429;3;0;0;0;1;0;-0.6277626505388526
32;8;430;3;0;1;0;0;1;-0.6277626505388526
28;26;431;1;0;1;0;0;1;-0.6277626505388526
30;16;432;3;1;1;0;0;1;0.22262694570885086
42;26;433;2;1;1;0;0;1;0.22262694570885086
17;7;434;3;0;0;0;0;1;-0.6277626505388526
50;55;435;1;0;0;0;0;1;0.22262694570885086
14;120;436;1;1;1;0;0;1;1.2749340008855574
21;34;437;3;1;0;0;0;1;2.1253235971332614
24;18;438;2;1;1;0;0;1;2.6514771247216142
64;263;439;1;0;0;0;0;1;2.3272410560622645
31;10;440;2;0;0;0;0;1;-0.6277626505388526
45;26;441;2;1;1;0;0;1;0.7487804732972041
20;9;442;3;0;0;0;0;1;-0.6277626505388526
25;7;443;3;0;0;0;0;1;0.22262694570885086
28;13;444;2;1;1;0;0;1;-0.6277626505388526
30;8;445;3;0;1;0;0;1;-0.6277626505388526
4;81;446;1;0;1;0;0;1;0.424544404637854
13;19;447;2;1;1;0;0;1;-0.10160912295049938
34;26;448;1;0;1;0;0;1;-0.6277626505388526
5;19;449;3;1;1;1;0;0;1.5991700695449076
52;30;450;1;0;1;0;0;1;-0.6277626505388526
36;27;451;2;0;0;0;0;1;1.2749340008855574
30;19;452;3;0;0;0;0;1;0.22262694570885086
30;27;453;1;0;0;1;0;0;-0.6277626505388526
49;89;454;1;0;1;1;0;0;0.22262694570885086
30;8;455;3;0;0;0;0;1;-0.6277626505388526
29;7;456;3;0;1;1;0;0;-0.6277626505388526
65;26;457;1;0;0;0;0;1;-0.6277626505388526
30;51;458;1;1;1;0;0;1;0.22262694570885086
50;10;459;2;1;1;0;0;1;-0.6277626505388526
30;7;460;3;0;0;0;1;0;-0.6277626505388526
48;26;461;1;0;1;0;0;1;-0.6277626505388526
34;8;462;3;0;0;0;0;1;-0.6277626505388526
47;38;463;1;0;0;0;0;1;-0.6277626505388526
48;13;464;2;0;0;0;0;1;-0.6277626505388526
30;8;465;3;0;0;0;0;1;-0.6277626505388526
38;7;466;3;0;0;0;0;1;-0.6277626505388526
30;0;467;2;0;0;0;0;1;-0.6277626505388526
56;26;468;1;0;0;0;0;1;-0.6277626505388526
30;7;469;3;0;0;0;1;0;-0.6277626505388526
0;19;470;3;1;1;1;0;0;1.5991700695449076
30;7;471;3;0;0;0;0;1;-0.6277626505388526
38;8;472;3;0;0;0;0;1;-0.6277626505388526
33;27;473;2;1;1;0;0;1;1.2749340008855574
23;13;474;2;1;1;1;0;0;-0.6277626505388526
22;9;475;3;1;0;0;0;1;-0.6277626505388526
30;52;476;1;0;0;0;0;1;-0.6277626505388526
34;21;477;2;0;0;0;0;1;0.22262694570885086
29;7;478;3;0;0;0;0;1;0.22262694570885086
22;7;479;3;0;0;0;0;1;-0.6277626505388526
2;12;480;3;1;1;0;0;1;-0.10160912295049938
9;46;481;3;0;0;0;0;1;4.676492385876371
30;0;482;2;0;0;0;0;1;-0.6277626505388526
50;8;483;3;0;0;0;0;1;-0.6277626505388526
63;9;484;3;1;1;0;0;1;-0.6277626505388526
25;91;485;1;0;1;1;0;0;0.22262694570885086
30;25;486;3;1;0;0;0;1;2.4495596657926115
35;90;487;1;1;1;0;0;1;0.22262694570885086
58;29;488;1;0;0;1;0;0;-0.6277626505388526
30;8;489;3;0;0;0;0;1;-0.6277626505388526
9;15;490;3;0;1;0;0;1;0.7487804732972041
30;19;491;3;0;0;0;0;1;0.22262694570885086
21;7;492;3;0;0;0;0;1;-0.6277626505388526
55;30;493;1;0;0;0;0;1;-0.6277626505388526
71;49;494;1;0;0;1;0;0;-0.6277626505388526
21;8;495;3;0;0;0;0;1;-0.6277626505388526
30;14;496;3;0;0;1;0;0;-0.6277626505388526
54;78;497;1;1;1;1;0;0;0.22262694570885086
30;15;498;3;0;0;0;0;1;-0.6277626505388526
25;151;499;1;1;0;0;0;1;1.2749340008855574
24;7;500;3;0;0;0;0;1;-0.6277626505388526
17;8;501;3;0;0;0;0;1;-0.6277626505388526
21;7;502;3;1;0;0;1;0;-0.6277626505388526
30;7;503;3;1;0;0;1;0;-0.6277626505388526
37;9;504;3;1;0;0;0;1;-0.6277626505388526
16;86;505;1;1;1;0;0;1;-0.6277626505388526
18;108;506;1;0;0;1;0;0;0.22262694570885086
33;26;507;2;1;1;0;0;1;0.424544404637854
30;26;508;1;0;1;0;0;1;-0.6277626505388526
28;22;509;3;0;0;0;0;1;-0.6277626505388526
26;56;510;3;0;1;0;0;1;-0.6277626505388526
29;7;511;3;0;1;0;1;0;-0.6277626505388526
30;8;512;3;0;0;0;0;1;-0.6277626505388526
36;26;513;1;0;1;0;0;1;-0.6277626505388526
54;59;514;1;1;1;1;0;0;0.22262694570885086
24;7;515;3;0;0;0;0;1;-0.6277626505388526
47;34;516;1;0;0;0;0;1;-0.6277626505388526
34;10;517;2;1;1;0;0;1;-0.6277626505388526
30;24;518;3;0;0;0;1;0;-0.6277626505388526
36;26;519;2;1;1;0;0;1;0.22262694570885086
32;7;520;3;0;0;0;0;1;-0.6277626505388526
30;93;521;1;1;1;0;0;1;-0.6277626505388526
22;7;522;3;0;0;0;0;1;-0.6277626505388526
30;7;523;3;0;0;1;0;0;-0.6277626505388526
44;57;524;1;1;1;1;0;0;-0.10160912295049938
30;7;525;3;0;0;1;0;0;-0.6277626505388526
40;7;526;3;0;0;0;1;0;-0.6277626505388526
50;10;527;2;1;1;0;0;1;-0.6277626505388526
30;221;528;1;0;0;0;0;1;-0.6277626505388526
39;7;529;3;0;0;0;0;1;-0.6277626505388526
23;11;530;2;0;0;0;0;1;1.5991700695449076
2;26;531;2;1;1;0;0;1;0.7487804732972041
30;7;532;3;0;0;1;0;0;-0.6277626505388526
17;7;533;3;0;0;1;0;0;0.7487804732972041
30;22;534;3;1;1;1;0;0;0.424544404637854
30;8;535;3;1;0;0;0;1;-0.6277626505388526
7;26;536;2;1;1;0;0;1;0.424544404637854
45;26;537;1;0;0;0;0;1;-0.6277626505388526
30;106;538;1;1;1;1;0;0;-0.6277626505388526
30;14;539;3;0;0;0;0;1;-0.6277626505388526
22;49;540;1;1;1;1;0;0;0.424544404637854
36;71;541;1;1;1;0;0;1;0.424544404637854
9;31;542;3;1;0;0;0;1;3.8261027896286683
11;31;543;3;1;0;0;0;1;3.8261027896286683
32;26;544;2;0;1;0;0;1;0.22262694570885086
50;106;545;1;0;0;1;0;0;0.22262694570885086
64;26;546;1;0;0;0;0;1;-0.6277626505388526
19;26;547;2;1;1;0;0;1;0.22262694570885086
30;13;548;2;0;1;1;0;0;-0.6277626505388526
33;20;549;3;0;0;0;0;1;0.7487804732972041
8;36;550;2;0;1;0;0;1;0.7487804732972041
17;110;551;1;0;1;1;0;0;0.424544404637854
27;26;552;2;0;0;0;0;1;-0.6277626505388526
30;7;553;3;0;0;0;1;0;-0.6277626505388526
22;7;554;3;0;1;1;0;0;-0.6277626505388526
22;7;555;3;1;1;0;0;1;-0.6277626505388526
62;26;556;1;0;0;0;0;1;-0.6277626505388526
48;39;557;1;1;1;1;0;0;0.22262694570885086
30;227;558;1;0;0;1;0;0;-0.6277626505388526
39;79;559;1;1;1;0;0;1;0.7487804732972041
36;17;560;3;1;1;0;0;1;0.22262694570885086
30;7;561;3;0;0;0;1;0;-0.6277626505388526
40;7;562;3;0;0;0;0;1;-0.6277626505388526
28;13;563;2;0;0;0;0;1;-0.6277626505388526
30;8;564;3;0;0;0;0;1;-0.6277626505388526
30;8;565;3;1;0;0;0;1;-0.6277626505388526
24;24;566;3;0;0;0;0;1;1.0730165419565543
19;7;567;3;0;0;0;0;1;-0.6277626505388526
29;21;568;3;1;0;0;0;1;1.4768514598145608
30;7;569;3;0;0;1;0;0;-0.6277626505388526
32;7;570;3;0;1;0;0;1;-0.6277626505388526
62;10;571;2;0;1;0;0;1;-0.6277626505388526
53;51;572;1;1;1;0;0;1;1.0730165419565543
36;26;573;1;0;1;0;0;1;-0.6277626505388526
30;7;574;3;1;1;0;1;0;-0.6277626505388526
16;8;575;3;0;0;0;0;1;-0.6277626505388526
19;14;576;3;0;0;0;0;1;-0.6277626505388526
34;13;577;2;1;1;0;0;1;-0.6277626505388526
39;55;578;1;1;1;0;0;1;0.22262694570885086
30;14;579;3;1;0;1;0;0;0.22262694570885086
32;7;580;3;0;1;0;0;1;-0.6277626505388526
25;30;581;2;1;1;0;0;1;0.7487804732972041
39;110;582;1;1;1;1;0;0;0.7487804732972041
54;26;583;2;0;0;0;0;1;-0.6277626505388526
36;40;584;1;0;0;1;0;0;-0.6277626505388526
30;8;585;3;0;0;1;0;0;-0.6277626505388526
18;79;586;1;1;1;0;0;1;0.424544404637854
47;15;587;2;0;0;0;0;1;-0.6277626505388526
60;79;588;1;0;1;1;0;0;0.7487804732972041
22;8;589;3;0;0;0;0;1;-0.6277626505388526
30;8;590;3;0;0;0;0;1;-0.6277626505388526
35;7;591;3;0;0;0;0;1;-0.6277626505388526
52;78;592;1;1;1;1;0;0;0.22262694570885086
47;7;593;3;0;0;0;0;1;-0.6277626505388526
30;7;594;3;1;0;0;1;0;0.424544404637854
37;26;595;2;0;0;0;0;1;0.22262694570885086
36;24;596;3;0;0;0;0;1;0.7487804732972041
30;33;597;2;1;1;0;0;1;-0.6277626505388526
49;0;598;3;0;0;0;0;1;-0.6277626505388526
30;7;599;3;0;0;1;0;0;-0.6277626505388526
49;56;600;1;0;1;1;0;0;0.22262694570885086
24;27;601;2;1;1;0;0;1;1.5991700695449076
30;7;602;3;0;0;0;0;1;-0.6277626505388526
30;42;603;1;0;0;0;0;1;-0.6277626505388526
44;8;604;3;0;0;0;0;1;-0.6277626505388526
35;26;605;1;0;1;1;0;0;-0.6277626505388526
36;15;606;3;0;0;0;0;1;0.22262694570885086
30;7;607;3;0;0;0;0;1;-0.6277626505388526
27;30;608;1;0;1;0;0;1;-0.6277626505388526
22;41;609;2;1;1;1;0;0;1.2749340008855574
40;153;610;1;1;1;0;0;1;-0.6277626505388526
39;31;611;3;1;0;0;0;1;2.853394583650618
30;7;612;3;0;0;0;0;1;-0.6277626505388526
30;15;613;3;1;1;0;1;0;0.22262694570885086
30;7;614;3;0;0;0;1;0;-0.6277626505388526
35;8;615;3;0;0;0;0;1;-0.6277626505388526
24;65;616;2;1;1;0;0;1;1.2749340008855574
34;14;617;3;0;0;0;0;1;0.7487804732972041
26;16;618;3;1;0;0;0;1;0.22262694570885086
4;39;619;2;1;1;0;0;1;1.5991700695449076
26;10;620;2;0;0;0;0;1;-0.6277626505388526
27;14;621;3;0;0;1;0;0;0.22262694570885086
42;52;622;1;0;1;0;0;1;0.22262694570885086
20;15;623;3;0;1;1;0;0;0.7487804732972041
21;7;624;3;0;0;0;0;1;-0.6277626505388526
21;16;625;3;0;0;0;0;1;-0.6277626505388526
61;32;626;1;0;0;0;0;1;-0.6277626505388526
57;12;627;2;0;0;0;1;0;-0.6277626505388526
21;77;628;1;1;1;0;0;1;-0.6277626505388526
26;7;629;3;0;0;0;0;1;-0.6277626505388526
30;7;630;3;0;0;0;1;0;-0.6277626505388526
80;30;631;1;0;1;0;0;1;-0.6277626505388526
51;7;632;3;0;0;0;0;1;-0.6277626505388526
32;30;633;1;0;1;1;0;0;-0.6277626505388526
30;0;634;1;0;0;0;0;1;-0.6277626505388526
9;27;635;3;1;0;0;0;1;2.975713193380964
28;13;636;2;1;1;0;0;1;-0.6277626505388526
32;7;637;3;0;0;0;0;1;-0.6277626505388526
31;26;638;2;0;0;0;0;1;0.7487804732972041
41;39;639;3;1;0;0;0;1;2.0030049874029134
30;16;640;3;0;0;0;0;1;0.22262694570885086
20;7;641;3;0;0;0;0;1;-0.6277626505388526
24;69;642;1;1;1;1;0;0;-0.6277626505388526
2;27;643;3;1;0;0;0;1;2.975713193380964
30;56;644;3;0;1;0;0;1;-0.6277626505388526
0;19;645;3;1;1;1;0;0;1.5991700695449076
48;76;646;1;0;1;1;0;0;0.22262694570885086
19;7;647;3;0;0;0;0;1;-0.6277626505388526
56;35;648;1;0;1;1;0;0;-0.6277626505388526
30;7;649;3;0;0;0;0;1;-0.6277626505388526
23;7;650;3;1;1;0;0;1;-0.6277626505388526
30;7;651;3;0;0;0;0;1;-0.6277626505388526
18;23;652;2;1;1;0;0;1;-0.10160912295049938
21;8;653;3;0;0;0;0;1;-0.6277626505388526
30;7;654;3;1;1;0;1;0;-0.6277626505388526
18;6;655;3;1;0;0;1;0;-0.6277626505388526
24;73;656;2;0;0;0;0;1;1.0730165419565543
30;7;657;3;0;0;0;0;1;-0.6277626505388526
32;15;658;3;1;0;0;1;0;0.7487804732972041
23;13;659;2;0;0;0;0;1;-0.6277626505388526
58;113;660;1;0;0;1;0;0;0.424544404637854
50;133;661;1;0;1;0;0;1;1.0730165419565543
40;7;662;3;0;0;1;0;0;-0.6277626505388526
47;25;663;1;0;0;0;0;1;-0.6277626505388526
36;7;664;3;0;0;0;0;1;-0.6277626505388526
20;7;665;3;0;1;0;0;1;0.22262694570885086
32;73;666;2;0;0;0;0;1;1.0730165419565543
25;13;667;2;0;0;0;0;1;-0.6277626505388526
30;7;668;3;0;0;0;0;1;-0.6277626505388526
43;8;669;3;0;0;0;0;1;-0.6277626505388526
30;52;670;1;1;1;0;0;1;0.22262694570885086
40;39;671;2;1;1;0;0;1;0.7487804732972041
31;52;672;1;0;0;0;0;1;0.22262694570885086
70;10;673;2;0;0;0;0;1;-0.6277626505388526
31;13;674;2;0;1;0;0;1;-0.6277626505388526
30;0;675;2;0;0;0;0;1;-0.6277626505388526
18;7;676;3;0;0;0;0;1;-0.6277626505388526
24;8;677;3;0;0;0;0;1;-0.6277626505388526
18;9;678;3;1;1;0;0;1;-0.6277626505388526
43;46;679;3;1;0;0;0;1;3.3795481112389703
36;512;680;1;0;1;1;0;0;-0.10160912295049938
30;8;681;3;1;0;0;1;0;-0.6277626505388526
27;76;682;1;0;1;1;0;0;-0.6277626505388526
20;9;683;3;0;0;0;0;1;-0.6277626505388526
14;46;684;3;0;0;0;0;1;4.676492385876371
60;39;685;2;0;0;0;0;1;0.7487804732972041
25;41;686;2;0;0;1;0;0;1.2749340008855574
14;39;687;3;0;0;0;0;1;3.2999492620403146
19;10;688;3;0;0;0;0;1;-0.6277626505388526
18;7;689;3;0;0;0;0;1;-0.6277626505388526
15;211;690;1;1;1;0;0;1;-0.10160912295049938
31;57;691;1;0;1;0;0;1;0.22262694570885086
4;13;692;3;1;1;1;0;0;-0.10160912295049938
30;56;693;3;0;1;0;0;1;-0.6277626505388526
25;7;694;3;0;0;1;0;0;-0.6277626505388526
60;26;695;1;0;0;0;0;1;-0.6277626505388526
52;13;696;2;0;0;0;0;1;-0.6277626505388526
44;8;697;3;0;0;0;0;1;-0.6277626505388526
30;7;698;3;1;1;0;1;0;-0.6277626505388526
49;110;699;1;0;0;1;0;0;0.7487804732972041
42;7;700;3;0;0;0;0;1;-0.6277626505388526
18;227;701;1;1;1;1;0;0;0.22262694570885086
35;26;702;1;0;1;0;0;1;-0.6277626505388526
18;14;703;3;1;0;1;0;0;-0.10160912295049938
25;7;704;3;0;0;0;1;0;-0.6277626505388526
26;7;705;3;0;0;0;0;1;0.22262694570885086
39;26;706;2;0;0;0;0;1;-0.6277626505388526
45;13;707;2;1;1;0;0;1;-0.6277626505388526
42;26;708;1;0;1;0;0;1;-0.6277626505388526
22;151;709;1;1;1;0;0;1;-0.6277626505388526
30;15;710;3;0;1;1;0;0;0.7487804732972041
24;49;711;1;1;1;1;0;0;-0.6277626505388526
30;26;712;1;0;0;0;0;1;-0.6277626505388526
48;52;713;1;0;1;0;0;1;0.22262694570885086
29;9;714;3;0;0;0;0;1;-0.6277626505388526
52;13;715;2;0;0;0;0;1;-0.6277626505388526
19;7;716;3;0;0;0;0;1;-0.6277626505388526
38;227;717;1;1;1;1;0;0;-0.6277626505388526
27;10;718;2;1;1;0;0;1;-0.6277626505388526
30;15;719;3;0;0;0;1;0;-0.6277626505388526
33;7;720;3;0;0;0;0;1;-0.6277626505388526
6;33;721;2;1;1;0;0;1;-0.10160912295049938
17;7;722;3;0;0;0;0;1;0.22262694570885086
34;13;723;2;0;0;0;0;1;-0.6277626505388526
50;13;724;2;0;0;0;0;1;-0.6277626505388526
27;53;725;1;0;1;0;0;1;0.22262694570885086
20;8;726;3;0;0;0;0;1;-0.6277626505388526
30;21;727;2;1;1;0;0;1;1.9234061382042578
30;7;728;3;1;1;0;1;0;-0.6277626505388526
25;26;729;2;0;0;0;0;1;0.22262694570885086
25;7;730;3;1;0;0;0;1;0.22262694570885086
29;211;731;1;1;1;0;0;1;-0.6277626505388526
11;18;732;3;0;0;1;0;0;-0.6277626505388526
30;0;733;2;0;0;0;0;1;-0.6277626505388526
23;13;734;2;0;0;0;0;1;-0.6277626505388526
23;13;735;2;0;0;0;0;1;-0.6277626505388526
28;16;736;3;0;0;0;0;1;-0.6277626505388526
48;34;737;3;1;0;0;0;1;1.8010875284739107
35;512;738;1;0;1;1;0;0;-0.6277626505388526
30;7;739;3;0;0;0;0;1;-0.6277626505388526
30;7;740;3;0;0;0;0;1;-0.6277626505388526
30;30;741;1;0;1;0;0;1;-0.6277626505388526
36;78;742;1;0;0;0;0;1;0.22262694570885086
21;262;743;1;1;1;1;0;0;2.1253235971332614
24;16;744;3;0;0;0;0;1;0.22262694570885086
31;7;745;3;0;1;0;0;1;-0.6277626505388526
70;71;746;1;0;0;0;0;1;0.7487804732972041
16;20;747;3;0;0;0;0;1;0.7487804732972041
30;13;748;2;1;1;0;0;1;-0.6277626505388526
19;53;749;1;0;0;0;0;1;0.22262694570885086
31;7;750;3;0;0;0;1;0;-0.6277626505388526
4;23;751;2;1;1;0;0;1;0.7487804732972041
6;12;752;3;0;1;0;0;1;-0.10160912295049938
33;9;753;3;0;0;0;0;1;-0.6277626505388526
23;7;754;3;0;0;0;0;1;-0.6277626505388526
48;65;755;2;1;1;0;0;1;1.2749340008855574
0;14;756;2;0;1;0;0;1;0.7487804732972041
28;7;757;3;0;0;0;0;1;-0.6277626505388526
18;11;758;2;0;0;0;0;1;-0.6277626505388526
34;8;759;3;0;0;0;0;1;-0.6277626505388526
33;86;760;1;1;1;0;0;1;-0.6277626505388526
30;14;761;3;0;0;0;0;1;-0.6277626505388526
41;7;762;3;0;0;0;0;1;-0.6277626505388526
20;7;763;3;0;1;1;0;0;-0.6277626505388526
36;120;764;1;1;1;0;0;1;1.2749340008855574
16;7;765;3;0;0;0;0;1;-0.6277626505388526
51;77;766;1;1;1;0;0;1;0.22262694570885086
30;39;767;1;0;0;1;0;0;-0.6277626505388526
30;7;768;3;1;0;0;1;0;-0.6277626505388526
30;24;769;3;0;0;0;1;0;0.22262694570885086
32;8;770;3;0;0;0;0;1;-0.6277626505388526
24;9;771;3;0;0;0;0;1;-0.6277626505388526
48;7;772;3;0;0;0;0;1;-0.6277626505388526
57;10;773;2;1;0;0;0;1;-0.6277626505388526
30;7;774;3;0;0;1;0;0;-0.6277626505388526
54;23;775;2;1;1;0;0;1;1.8010875284739107
18;7;776;3;0;0;0;0;1;-0.6277626505388526
30;7;777;3;0;0;0;1;0;-0.6277626505388526
5;12;778;3;1;1;0;0;1;-0.6277626505388526
30;7;779;3;0;0;0;1;0;-0.6277626505388526
43;211;780;1;1;1;0;0;1;-0.10160912295049938
13;7;781;3;1;1;1;0;0;-0.6277626505388526
17;57;782;1;1;1;0;0;1;0.22262694570885086
29;30;783;1;0;0;0;0;1;-0.6277626505388526
30;23;784;3;0;0;0;0;1;1.2749340008855574
25;7;785;3;0;0;0;0;1;-0.6277626505388526
25;7;786;3;0;0;0;0;1;-0.6277626505388526
18;7;787;3;1;1;0;0;1;-0.6277626505388526
8;29;788;3;0;0;0;1;0;3.2999492620403146
1;20;789;3;0;1;0;0;1;1.2749340008855574
46;79;790;1;0;0;1;0;0;-0.6277626505388526
30;7;791;3;0;0;0;1;0;-0.6277626505388526
16;26;792;2;0;0;0;0;1;-0.6277626505388526
30;69;793;3;1;0;0;0;1;7.227661174619481
30;30;794;1;0;0;1;0;0;-0.6277626505388526
25;7;795;3;0;0;0;0;1;-0.6277626505388526
39;13;796;2;0;0;0;0;1;-0.6277626505388526
49;25;797;1;1;1;0;0;1;-0.6277626505388526
31;8;798;3;1;1;0;0;1;-0.6277626505388526
30;7;799;3;0;0;1;0;0;-0.6277626505388526
30;24;800;3;1;0;0;0;1;0.7487804732972041
34;13;801;2;0;0;0;0;1;-0.6277626505388526
31;26;802;2;1;1;0;0;1;0.7487804732972041
11;120;803;1;0;1;0;0;1;1.2749340008855574
0;8;804;3;0;1;1;0;0;-0.10160912295049938
27;6;805;3;0;1;0;0;1;-0.6277626505388526
31;7;806;3;0;0;0;0;1;-0.6277626505388526
39;0;807;1;0;0;0;0;1;-0.6277626505388526
18;7;808;3;1;0;0;0;1;-0.6277626505388526
39;13;809;2;0;0;0;0;1;-0.6277626505388526
33;53;810;1;1;1;0;0;1;0.22262694570885086
26;7;811;3;0;0;0;0;1;-0.6277626505388526
39;24;812;3;0;0;0;0;1;-0.6277626505388526
35;10;813;2;0;0;0;0;1;-0.6277626505388526
6;31;814;3;1;0;0;0;1;3.8261027896286683
30;8;815;3;0;0;0;0;1;-0.6277626505388526
30;0;816;1;0;0;0;0;1;-0.6277626505388526
23;7;817;3;1;0;0;0;1;-0.6277626505388526
31;37;818;2;0;0;1;0;0;0.7487804732972041
43;6;819;3;0;0;0;0;1;-0.6277626505388526
10;27;820;3;0;0;0;0;1;2.975713193380964
52;93;821;1;1;1;0;0;1;0.7487804732972041
27;8;822;3;0;1;0;0;1;-0.6277626505388526
38;0;823;1;0;0;0;0;1;-0.6277626505388526
27;12;824;3;1;1;0;0;1;-0.10160912295049938
2;39;825;3;0;0;0;0;1;3.2999492620403146
30;6;826;3;0;0;0;1;0;-0.6277626505388526
30;56;827;3;0;0;0;0;1;-0.6277626505388526
1;37;828;2;0;1;1;0;0;0.424544404637854
30;7;829;3;0;1;0;1;0;-0.6277626505388526
15;14;831;3;1;1;1;0;0;0.22262694570885086
0;18;832;2;0;1;0;0;1;0.7487804732972041
30;7;833;3;0;0;1;0;0;-0.6277626505388526
23;7;834;3;0;0;0;0;1;-0.6277626505388526
18;8;835;3;0;0;0;0;1;-0.6277626505388526
39;83;836;1;1;1;1;0;0;0.7487804732972041
21;8;837;3;0;0;0;0;1;-0.6277626505388526
30;8;838;3;0;0;0;0;1;-0.6277626505388526
32;56;839;3;0;1;0;0;1;-0.6277626505388526
30;29;840;1;0;1;1;0;0;-0.6277626505388526
20;7;841;3;0;0;0;0;1;-0.6277626505388526
16;10;842;2;0;0;0;0;1;-0.6277626505388526
30;31;843;1;1;1;1;0;0;-0.6277626505388526
34;6;844;3;0;0;1;0;0;-0.6277626505388526
17;8;845;3;0;0;0;0;1;-0.6277626505388526
42;7;846;3;0;0;0;0;1;-0.6277626505388526
30;69;847;3;0;0;0;0;1;7.227661174619481
35;7;848;3;0;0;1;0;0;-0.6277626505388526
28;33;849;2;0;0;0;0;1;-0.10160912295049938
30;89;850;1;1;1;1;0;0;0.22262694570885086
4;31;851;3;0;0;0;0;1;3.8261027896286683
74;7;852;3;0;0;0;0;1;-0.6277626505388526
9;15;853;3;1;0;1;0;0;0.7487804732972041
16;39;854;1;1;1;0;0;1;-0.10160912295049938
44;26;855;2;1;0;0;0;1;0.22262694570885086
18;9;856;3;1;1;0;0;1;-0.10160912295049938
45;164;857;1;1;1;0;0;1;0.7487804732972041
51;26;858;1;0;1;0;0;1;-0.6277626505388526
24;19;859;3;1;1;1;0;0;0.950697932226207
30;7;860;3;0;0;1;0;0;-0.6277626505388526
41;14;861;3;0;0;0;0;1;1.0730165419565543
21;11;862;2;0;0;0;0;1;0.22262694570885086
48;25;863;1;1;1;0;0;1;-0.6277626505388526
30;69;864;3;1;0;0;0;1;7.227661174619481
24;13;865;2;0;0;0;0;1;-0.6277626505388526
42;13;866;2;1;1;0;0;1;-0.6277626505388526
27;13;867;2;1;1;1;0;0;0.22262694570885086
31;50;868;1;0;0;0;0;1;-0.6277626505388526
30;9;869;3;0;0;0;0;1;-0.6277626505388526
4;11;870;3;0;1;0;0;1;0.7487804732972041
26;7;871;3;0;0;0;0;1;-0.6277626505388526
47;52;872;1;1;1;0;0;1;0.7487804732972041
33;5;873;1;0;0;0;0;1;-0.6277626505388526
47;9;874;3;0;0;0;0;1;-0.6277626505388526
28;24;875;2;1;1;1;0;0;0.22262694570885086
15;7;876;3;1;1;1;0;0;-0.6277626505388526
20;9;877;3;0;0;0;0;1;-0.6277626505388526
19;7;878;3;0;0;0;0;1;-0.6277626505388526
30;7;879;3;0;0;0;0;1;-0.6277626505388526
56;83;880;1;1;1;1;0;0;-0.10160912295049938
25;26;881;2;1;1;0;0;1;-0.10160912295049938
33;7;882;3;0;0;0;0;1;-0.6277626505388526
22;10;883;3;1;0;0;0;1;-0.6277626505388526
28;10;884;2;0;0;0;0;1;-0.6277626505388526
25;7;885;3;0;0;0;0;1;-0.6277626505388526
39;29;886;3;1;0;0;1;0;2.0030049874029134
27;13;887;2;0;0;0;0;1;-0.6277626505388526
19;30;888;1;1;1;0;0;1;-0.6277626505388526
30;23;889;3;1;0;0;0;1;1.2749340008855574
26;30;890;1;0;1;1;0;0;-0.6277626505388526
32;7;891;3;0;0;0;1;0;-0.6277626505388526
